<?xml version="1.0" encoding="UTF-8" standalone="yes"?>
<prop explain="物品名称●市场基本价●采购基本价●物品说明">
	<prop_101>苹果●1●2●苹果</prop_101>
	<prop_102>橘子●2●4●橘子</prop_102>
	<prop_103>香蕉●2●10●香蕉</prop_103>
	<prop_104>芒果●1●4●芒果</prop_104>
	<prop_105>猕猴桃●3●7●猕猴桃</prop_105>
	<prop_106>西瓜●3●10●西瓜</prop_106>
	<prop_107>草莓●4●10●草莓</prop_107>
	<prop_108>葡萄●2●7●葡萄</prop_108>
	<prop_109>火龙果●3●12●火龙果</prop_109>
	<prop_110>菠萝●4●14●菠萝</prop_110>
	<prop_201>牛奶●4●10●牛奶</prop_201>
	<prop_202>可乐●3●7●可乐</prop_202>
	<prop_203>果汁●2●7●果汁</prop_203>
	<prop_204>白酒●3●12●白酒</prop_204>
	<prop_205>啤酒●3●11●啤酒</prop_205>
	<prop_206>红酒●4●14●红酒</prop_206>
	<prop_207>纯净水●1●4●纯净水</prop_207>
	<prop_208>功能饮料●3●10●功能饮料</prop_208>
	<prop_209>茅台●5●17●茅台</prop_209>
	<prop_301>白萝卜●2●8●白萝卜</prop_301>
	<prop_302>红辣椒●4●11●红辣椒</prop_302>
	<prop_303>白菜●3●11●白菜</prop_303>
	<prop_304>玉米●4●13●玉米</prop_304>
	<prop_305>土豆●3●13●土豆</prop_305>
	<prop_306>胡萝卜●3●14●胡萝卜</prop_306>
	<prop_307>茄子●3●15●茄子</prop_307>
	<prop_308>番茄●5●18●番茄</prop_308>
	<prop_309>青椒●6●20●青椒</prop_309>
	<prop_401>香皂●4●14●香皂</prop_401>
	<prop_402>洗手液●5●16●洗手液</prop_402>
	<prop_403>牙膏●7●19●牙膏</prop_403>
	<prop_404>洗发水●9●22●洗发水</prop_404>
	<prop_405>卷纸●11●25●卷纸</prop_405>
	<prop_406>浴液●13●28●浴液</prop_406>
	<prop_407>浴巾●15●31●浴巾</prop_407>
	<prop_501>月饼●3●10●月饼</prop_501>
	<prop_502>元宵●5●15●元宵</prop_502>
	<prop_503>粽子●2●7●粽子</prop_503>
</prop>